ID,Pillar,Topic,Status,Created_At
ID,AI UNTUK BISNIS,Workflow AI yang saya gunakan setiap hari,Pending,
,AI UNTUK BISNIS,Kesalahan bisnis saat menggunakan AI,Pending,
,AI UNTUK BISNIS,AI tools yang benar-benar berguna,Pending,
,AI UNTUK BISNIS,Cara menggunakan AI untuk riset market,Pending,
,AI UNTUK BISNIS,AI untuk membuat sistem konten,Pending,
,AI UNTUK BISNIS,AI untuk customer support,Pending,
,AI UNTUK BISNIS,AI untuk brainstorming bisnis,Pending,
,AI UNTUK BISNIS,AI untuk meningkatkan produktivitas,Pending,
,AI UNTUK BISNIS,AI untuk analisis kompetitor,Pending,
,AI UNTUK BISNIS,Cara membuat AI assistant sederhana,Pending,
,AI UNTUK BISNIS,AI tools underrated,Pending,
,AI UNTUK BISNIS,AI vs manual workflow,Pending,
,AI UNTUK BISNIS,Cara menghemat waktu kerja dengan AI,Pending,
,AI UNTUK BISNIS,AI untuk menulis konten SEO,Pending,
,AI UNTUK BISNIS,AI untuk ide marketing,Pending,
,AI UNTUK BISNIS,AI untuk membuat outline artikel,Pending,
,AI UNTUK BISNIS,AI untuk memahami audience,Pending,
,AI UNTUK BISNIS,AI untuk automation bisnis,Pending,
,AI UNTUK BISNIS,AI untuk analisis data sederhana,Pending,
,AI UNTUK BISNIS,AI tools yang saya berhenti gunakan,Pending,
,AI UNTUK BISNIS,Kesalahan prompt yang sering terjadi,Pending,
,AI UNTUK BISNIS,Cara membuat prompt lebih efektif,Pending,
,AI UNTUK BISNIS,AI workflow untuk founder,Pending,
,AI UNTUK BISNIS,AI untuk research bisnis,Pending,
,AI UNTUK BISNIS,AI untuk sistem kerja tim,Pending,
,SEO & GEO,SEO berubah karena AI,Pending,
,SEO & GEO,Kesalahan SEO paling umum,Pending,
,SEO & GEO,Struktur konten yang disukai Google,Pending,
,SEO & GEO,Cara membuat artikel yang ranking lama,Pending,
,SEO & GEO,SEO vs GEO,Done,2026-03-28
,SEO & GEO,Cara memahami search intent,Pending,
,SEO & GEO,Kesalahan website yang merusak SEO,Pending,
,SEO & GEO,Cara membuat topical authority,Pending,
,SEO & GEO,SEO untuk bisnis lokal,Pending,
,SEO & GEO,SEO untuk website baru,Pending,
,SEO & GEO,Cara audit SEO sederhana,Pending,
,SEO & GEO,Framework SEO modern,Pending,
,SEO & GEO,Kesalahan keyword research,Pending,
,SEO & GEO,SEO untuk blog bisnis,Pending,
,SEO & GEO,Cara membuat konten evergreen,Pending,
,DIGITAL GROWTH,Framework digital growth sederhana,Pending,
,DIGITAL GROWTH,Traffic vs conversion,Pending,
,DIGITAL GROWTH,Funnel bisnis digital,Pending,
,DIGITAL GROWTH,Kesalahan marketing paling mahal,Pending,
,DIGITAL GROWTH,Cara memahami customer journey,Pending,
,DIGITAL GROWTH,Kesalahan founder dalam marketing,Pending,
,DIGITAL GROWTH,Cara meningkatkan conversion website,Pending,
,DIGITAL GROWTH,Cara membuat positioning bisnis,Pending,
,DIGITAL GROWTH,Marketing vs branding,Pending,
,DIGITAL GROWTH,Distribution strategy,Pending,
,DIGITAL GROWTH,Growth mindset founder,Pending,
,DIGITAL GROWTH,Cara membuat sistem marketing,Pending,
,DIGITAL GROWTH,Kesalahan landing page,Pending,
,DIGITAL GROWTH,Cara membuat offer yang jelas,Pending,
,DIGITAL GROWTH,Cara memahami audience,Pending,
,PRODUCTIVITY SYSTEM,Sistem kerja yang saya gunakan,Pending,
,PRODUCTIVITY SYSTEM,Ritual pagi sebelum kerja,Pending,
,PRODUCTIVITY SYSTEM,Cara menjaga fokus,Pending,
,PRODUCTIVITY SYSTEM,Deep work untuk digital worker,Pending,
,PRODUCTIVITY SYSTEM,Framework kerja sederhana,Pending,
,PRODUCTIVITY SYSTEM,Cara menghindari burnout,Pending,
,PRODUCTIVITY SYSTEM,Sistem manajemen task,Pending,
,PRODUCTIVITY SYSTEM,Cara bekerja lebih efisien,Pending,
,PRODUCTIVITY SYSTEM,Kesalahan manajemen waktu,Pending,
,PRODUCTIVITY SYSTEM,Cara menjaga energi kerja,Pending,
,PRODUCTIVITY SYSTEM,Workflow kerja digital,Pending,
,PRODUCTIVITY SYSTEM,Cara mengurangi distraksi,Pending,
,PRODUCTIVITY SYSTEM,Tools untuk fokus kerja,Pending,
,PRODUCTIVITY SYSTEM,Cara memulai hari dengan fokus,Pending,
,PRODUCTIVITY SYSTEM,Sistem kerja tim kecil,Pending,
,PRODUCTIVITY SYSTEM,Audit waktu mingguan,Pending,
,PRODUCTIVITY SYSTEM,Batching task system,Pending,
,PRODUCTIVITY SYSTEM,Mindset produktivitas 2026,Pending,
,PRODUCTIVITY SYSTEM,Delegasi tugas efektif,Pending,
,PRODUCTIVITY SYSTEM,Review project bulanan,Pending,
,TOOLS & SOFTWARE,Tools digital harian,Pending,
,TOOLS & SOFTWARE,Software produktivitas,Pending,
,TOOLS & SOFTWARE,Tools underrated,Pending,
,TOOLS & SOFTWARE,Tools AI favorit,Pending,
,TOOLS & SOFTWARE,Project management software,Pending,
,TOOLS & SOFTWARE,Tools menulis konten,Pending,
,TOOLS & SOFTWARE,Tools riset market,Pending,
,TOOLS & SOFTWARE,Tools automation,Pending,
,TOOLS & SOFTWARE,Tools brainstorming,Pending,
,TOOLS & SOFTWARE,Tools workflow,Pending,
,TOOLS & SOFTWARE,Tools yang ditinggalkan,Pending,
,TOOLS & SOFTWARE,Tools sederhana powerful,Pending,
,TOOLS & SOFTWARE,Tools gratis terbaik,Pending,
,TOOLS & SOFTWARE,Tools untuk founder,Pending,
,TOOLS & SOFTWARE,Tools tim kecil,Pending,
,COFFEE BUILDER,Ritual kopi pagi,Pending,
,COFFEE BUILDER,Grinding kopi manual,Pending,
,COFFEE BUILDER,Rasa kopi vs metode brew,Pending,
,COFFEE BUILDER,Cara pilih biji kopi,Pending,
,COFFEE BUILDER,Kopi & Fokus kerja,Pending,
,COFFEE BUILDER,Biji kopi baru,Pending,
,COFFEE BUILDER,Memahami tasting notes,Pending,
,COFFEE BUILDER,Kopi favorit kerja,Pending,
,COFFEE BUILDER,Pour over vs French Press,Pending,
,COFFEE BUILDER,Ritual kopi produktivitas,Pending,
,COFFEE BUILDER,Kesalahan brewing,Pending,
,COFFEE BUILDER,Grinder manual vs elektrik,Pending,
,COFFEE BUILDER,Setup brewing minimalis,Pending,
,COFFEE BUILDER,Simpan biji kopi,Pending,
,COFFEE BUILDER,Kopi lokal terbaik,Pending,
,MARKETPLACE HUNTER,Barang produktivitas,Pending,
,MARKETPLACE HUNTER,Gadget underrated,Pending,
,MARKETPLACE HUNTER,Tools unik workflow,Pending,
,MARKETPLACE HUNTER,Barang murah berguna,Pending,
,MARKETPLACE HUNTER,Desk minimalis setup,Pending,
,MARKETPLACE HUNTER,Tools kerja rahasia,Pending,
,MARKETPLACE HUNTER,Unik di marketplace,Pending,
,MARKETPLACE HUNTER,Gadget fokus,Pending,
,MARKETPLACE HUNTER,Tools digital nomad,Pending,
,MARKETPLACE HUNTER,Unexpectedly useful,Pending,
,MARKETPLACE HUNTER,Hemat waktu produk,Pending,
,MARKETPLACE HUNTER,Setup kerja budget,Pending,
,MARKETPLACE HUNTER,Gadget minimalis,Pending,
,MARKETPLACE HUNTER,Tools travel kerja,Pending,
,MARKETPLACE HUNTER,Temuan online unik,Pending,
,LIFEHACK SOSIAL,Berkata TIDAK profesional,Pending,
,LIFEHACK SOSIAL,Jaga relasi kerja,Pending,
,LIFEHACK SOSIAL,Networking modern,Pending,
,LIFEHACK SOSIAL,Komunikasi kerja,Pending,
,LIFEHACK SOSIAL,Konflik profesional,Pending,
,LIFEHACK SOSIAL,Batas profesional,Pending,
,LIFEHACK SOSIAL,Minta bantuan efektif,Pending,
,LIFEHACK SOSIAL,Bangun kepercayaan,Pending,
,LIFEHACK SOSIAL,Reputasi profesional,Pending,
,LIFEHACK SOSIAL,Relasi jangka panjang,Pending,
,LIFEHACK SOSIAL,Hadapi kritik,Pending,
,LIFEHACK SOSIAL,Hindari drama kantor,Pending,
,Setup & Workflow,Setup kerja saya menggunakan MacBook Air M3,Pending,
,Setup & Workflow,Workflow harian saya di MacBook,Pending,
,Setup & Workflow,Aplikasi Mac yang selalu saya buka setiap hari,Pending,
,Setup & Workflow,Cara saya mengatur workspace di Mac,Pending,
,Setup & Workflow,Tools yang membuat MacBook lebih produktif,Pending,
,Productivity Software,Software Mac yang benar-benar saya gunakan,Pending,
,Productivity Software,Aplikasi Mac underrated untuk produktivitas,Pending,
,Productivity Software,Tools Mac untuk deep work,Pending,
,Productivity Software,Aplikasi note terbaik di Mac,Pending,
,Productivity Software,Aplikasi task manager favorit,Pending,
,Productivity Software,Aplikasi Mac untuk menulis,Pending,
,Productivity Software,Software AI yang berjalan baik di Mac,Pending,
,Productivity Software,Aplikasi Mac untuk workflow digital,Pending,
,Productivity Software,Aplikasi Mac yang menghemat waktu kerja,Pending,
,Productivity Software,Tools Mac yang jarang diketahui,Pending,
,Utility macOS,Utility Mac yang membuat workflow lebih cepat,Pending,
,Utility macOS,Shortcut Mac yang sering saya gunakan,Pending,
,Utility macOS,Setting macOS yang meningkatkan produktivitas,Pending,
,Utility macOS,Utility kecil yang sangat membantu,Pending,
,Utility macOS,Tools Mac untuk manajemen window,Pending,
,Utility macOS,Cara mengatur Finder agar lebih efisien,Pending,
,Utility macOS,Utility Mac untuk screenshot dan dokumentasi,Pending,
,Utility macOS,Tools Mac untuk clipboard history,Pending,
,Utility macOS,Utility Mac untuk fokus kerja,Pending,
,Utility macOS,Cara memaksimalkan Spotlight,Pending,
,Tips Merawat MacBook,Cara saya menjaga MacBook tetap awet,Pending,
,Tips Merawat MacBook,Tips menjaga baterai MacBook,Pending,
,Tips Merawat MacBook,Kebiasaan yang saya hindari saat menggunakan MacBook,Pending,
,Tips Merawat MacBook,Cara menjaga MacBook tetap cepat,Pending,
,Tips Merawat MacBook,Cara membersihkan MacBook dengan aman,Pending,
,MacBook + AI Workflow,Workflow AI di MacBook,Pending,
,MacBook + AI Workflow,Tools AI yang berjalan baik di macOS,Pending,
,MacBook + AI Workflow,Cara menggunakan AI tools di Mac,Pending,
,MacBook + AI Workflow,Setup AI workflow di MacBook,Pending,
,MacBook + AI Workflow,Integrasi AI tools di Mac,Pending,
,Aksesoris MacBook,Aksesoris MacBook yang meningkatkan produktivitas,Pending,
,Aksesoris MacBook,Laptop stand favorit saya,Pending,
,Aksesoris MacBook,Keyboard eksternal yang nyaman untuk Mac,Pending,
,Aksesoris MacBook,Mouse yang cocok untuk workflow Mac,Pending,
,Aksesoris MacBook,Hub USB yang paling berguna,Pending,
,Marketplace Hunter (Mac Edition),Barang unik untuk pengguna MacBook,Pending,
,Marketplace Hunter (Mac Edition),Tools kecil untuk desk setup Mac,Pending,
,Marketplace Hunter (Mac Edition),Gadget kecil untuk Mac user,Pending,
,Marketplace Hunter (Mac Edition),Produk murah tapi berguna untuk Mac,Pending,
,Marketplace Hunter (Mac Edition),Setup minimalis MacBook,Pending,
,Experience MacBook,Kenapa saya memilih MacBook Air M3,Pending,
,Experience MacBook,Hal yang saya suka dari MacBook,Pending,
,Experience MacBook,Hal yang perlu diketahui sebelum membeli MacBook,Pending,
,Experience MacBook,Pengalaman pindah dari laptop lain ke Mac,Pending,
,Experience MacBook,Hal kecil yang membuat MacBook menyenangkan digunakan,Pending,